序号,链接,节点数
0,https://free.datiya.com/uploads/2026/05/20260515.txt,0
1,https://free.datiya.com/uploads/2026/05/20260515.yaml,0
2,https://freenode.openrunner.net/uploads/2026/05/20260515.txt,0
3,https://freenode.openrunner.net/uploads/2026/05/20260515.yaml,0
4,https://node.oneclash.cc/2026/05/20260517.txt,0
5,https://node.oneclash.cc/2026/05/20260517.yaml,0
6,https://nodefree.org/dy/2026/05/20260515.txt,0
7,https://nodefree.org/dy/2026/05/20260515.yaml,0
8,https://raw.githubusercontent.com/danmaifu/mianfeijiedian/main/feed/2026/05/20260515.txt,0
9,https://raw.githubusercontent.com/danmaifu/mianfeijiedian/main/feed/2026/05/20260515.yaml,0
10,https://raw.githubusercontent.com/xibanyahu/phppachong-freenode/main/feed/2026/05/20260515.txt,0
11,https://raw.githubusercontent.com/xibanyahu/phppachong-freenode/main/feed/2026/05/20260515.yaml,0
12,https://v2rayshare.com/wp-content/uploads/2026/05/20260515.txt,0
13,https://v2rayshare.com/wp-content/uploads/2026/05/20260515.yaml,0
14,https://bPCW6s.absslk.xyz/8b7cb65329ad31b9102b044abbfc2e1c,0
15,https://cdn.jsdelivr.net/gh/vxiaov/free_proxies@main/clash/clash.provider.yaml,28
16,https://clash.221207.xyz/pubclashyaml,0
17,https://free.jingfu.cf/clash/proxies,0
18,https://gitlab.com/colloq168/nodefiltrate/-/raw/main/filtrate?ref_type=heads,0
19,https://jc.openxai.link/,0
20,https://prop.cf/?name=paimon&client=base64,0
21,https://prop.cf/?name=paimon&client=clash,0
22,https://raw.githubusercontent.com/Alvin9999/pac2/master/clash.meta2/1/config.yaml,0
23,https://raw.githubusercontent.com/Alvin9999/pac2/master/clash.meta2/13/config.yaml,0
24,https://raw.githubusercontent.com/Alvin9999/pac2/master/clash.meta2/15/config.yaml,0
25,https://raw.githubusercontent.com/Alvin9999/pac2/master/clash.meta2/2/config.yaml,0
26,https://raw.githubusercontent.com/Alvin9999/pac2/master/clash.meta2/3/config.yaml,0
27,https://raw.githubusercontent.com/Alvin9999/pac2/master/clash.meta2/config.yaml,0
28,https://raw.githubusercontent.com/Barabama/FreeNodes/refs/heads/main/nodes/nodefree.txt,23
29,https://raw.githubusercontent.com/Barabama/FreeNodes/refs/heads/main/nodes/nodev2ray.txt,13
30,https://raw.githubusercontent.com/Barabama/FreeNodes/refs/heads/main/nodes/v2rayshare.txt,23
31,https://raw.githubusercontent.com/Barabama/FreeNodes/refs/heads/main/nodes/wenode.txt,23
32,https://raw.githubusercontent.com/Barabama/FreeNodes/refs/heads/main/nodes/yudou66.txt,171
33,https://raw.githubusercontent.com/Huibq/TrojanLinks/master/links/vmess,0
34,https://raw.githubusercontent.com/Leon406/SubCrawler/refs/heads/main/sub/share/a11,171
35,https://raw.githubusercontent.com/Misaka-blog/chromego_merge/main/sub/merged_proxies_new.yaml,150
36,https://raw.githubusercontent.com/Mr8AHAL/v2ray/main/SERVER.txt,26
37,https://raw.githubusercontent.com/MrMohebi/xray-proxy-grabber-telegram/master/collected-proxies/clash-meta/all.yaml,0
38,https://raw.githubusercontent.com/NiceVPN123/NiceVPN/main/Clash.yaml,3646
39,https://raw.githubusercontent.com/PuddinCat/BestClash/refs/heads/main/proxies.yaml,16
40,https://raw.githubusercontent.com/RenaLio/Mux2sub/main/urllist # 挂了，谁叫你不控制抓取时长,0
41,https://raw.githubusercontent.com/Rokate/Proxy-Sub/main/clash/clash_trojan.yml,0
42,https://raw.githubusercontent.com/Rokate/Proxy-Sub/main/clash/clash_v2ray.yml,0
43,https://raw.githubusercontent.com/Surfboardv2ray/TGParse/main/python/hy2,12
44,https://raw.githubusercontent.com/Surfboardv2ray/TGParse/main/python/hysteria2,3
45,https://raw.githubusercontent.com/Surfboardv2ray/TGParse/main/splitted/mixed,1518
46,https://raw.githubusercontent.com/Surfboardv2ray/TGParse/main/splitted/ss,64
47,https://raw.githubusercontent.com/Surfboardv2ray/TGParse/main/splitted/trojan,112
48,https://raw.githubusercontent.com/Surfboardv2ray/TGParse/main/splitted/vless,1238
49,https://raw.githubusercontent.com/Surfboardv2ray/TGParse/main/splitted/vmess,59
50,https://raw.githubusercontent.com/aiboboxx/clashfree/main/clash.yml,0
51,https://raw.githubusercontent.com/aiboboxx/v2rayfree/main/v2,0
52,https://raw.githubusercontent.com/anaer/Sub/main/clash.yaml,0
53,https://raw.githubusercontent.com/chengaopan/AutoMergePublicNodes/master/list.yml,19
54,https://raw.githubusercontent.com/clashv2ray-hub/v2rayfree/refs/heads/main/v2ray.txt,17
55,https://raw.githubusercontent.com/ermaozi/get_subscribe/main/subscribe/clash.yml,3
56,https://raw.githubusercontent.com/ermaozi01/free_clash_vpn/main/subscribe/clash.yml,18
57,https://raw.githubusercontent.com/freefq/free/master/v2,15
58,https://raw.githubusercontent.com/kooker/FreeSubsCheck/refs/heads/main/base64.txt,1
59,https://raw.githubusercontent.com/lagzian/SS-Collector/main/mix_clash.yaml,190
60,https://raw.githubusercontent.com/learnhard-cn/free_proxy_ss/main/clash/clash.provider.yaml,0
61,https://raw.githubusercontent.com/lflflf999/0516/main/BX-JD # 关闭，循环引用,0
62,https://raw.githubusercontent.com/mahdibland/ShadowsocksAggregator/master/Eternity.yml,201
63,https://raw.githubusercontent.com/mfuu/v2ray/master/clash.yaml,81
64,https://raw.githubusercontent.com/mheidari98/.proxy/main/all,0
65,https://raw.githubusercontent.com/peasoft/NoMoreWalls/master/list.yml,0
66,https://raw.githubusercontent.com/qjlxg/hy2/main/splitted/hy2,0
67,https://raw.githubusercontent.com/ripaojiedian/freenode/main/clash,16
68,https://raw.githubusercontent.com/ripaojiedian/freenode/main/sub,16
69,https://raw.githubusercontent.com/ronghuaxueleng/get_v2/main/pub/combine.yaml,187
70,https://raw.githubusercontent.com/snakem982/proxypool/refs/heads/main/source/clash-meta.yaml,35
71,https://raw.githubusercontent.com/ts-sf/fly/main/clash,123
72,https://raw.githubusercontent.com/yaney01/Yaney01/main/temporary,38
73,https://raw.githubusercontent.com/yebekhe/TelegramV2rayCollector/main/sub/base64/mix,0
74,https://raw.githubusercontent.com/zhangkaiitugithub/passcro/main/speednodes.yaml,35
75,https://raw.githubusercontent.com/zhangkaiitugithub/passcro/main/speednodes.yaml,20
76,https://sub.nicevpn.top/Clash.yaml,1
77,https://sub.nicevpn.top/long,4
78,https://sub.sharecentre.online/sub,1
79,https://tt.vg/freeclash,0
80,https://vpnyyds.link/free,0
81,dynamic://peasoft,0
82,dynamic://crossxx_free,3

总计,,2113
